epoch,time,train/box_loss,train/pose_loss,train/kobj_loss,train/cls_loss,train/dfl_loss,train/rle_loss,metrics/precision(B),metrics/recall(B),metrics/mAP50(B),metrics/mAP50-95(B),metrics/precision(P),metrics/recall(P),metrics/mAP50(P),metrics/mAP50-95(P),val/box_loss,val/pose_loss,val/kobj_loss,val/cls_loss,val/dfl_loss,val/rle_loss,lr/pg0,lr/pg1,lr/pg2,lr/pg3,lr/pg4,lr/pg5,lr/pg6,lr/pg7
1,493.342,1.11745,9.10118,0.73374,1.03227,0.02048,14.6232,0.92827,0.92711,0.97052,0.75798,0.58676,0.38588,0.30395,0.09023,0.90068,5.61165,0.73347,0.41135,0.02152,0,0.00996528,0.00332176,0.00996528,0.00332176,0.00996528,0.00332176,0.00996528,0.00332176
2,971.678,0.96025,5.71824,0.64145,0.56961,0.01719,6.39946,0.91061,0.87626,0.93553,0.66217,0.2329,0.19396,0.05686,0.0128,1.18321,6.35434,0.37051,0.55793,0.03023,0,0.0199257,0.00664192,0.0199257,0.00664192,0.0199257,0.00664192,0.0199257,0.00664192
3,1498.5,1.07965,5.54813,0.53158,0.67317,0.01996,6.10494,0.86238,0.7724,0.85933,0.56666,0.61936,0.38445,0.30158,0.10762,1.3962,5.66257,0.28329,0.91535,0.03746,0,0.0298466,0.00994887,0.0298466,0.00994887,0.0298466,0.00994887,0.0298466,0.00994887
4,1980.65,1.14896,5.33726,0.45067,0.70973,0.0213,5.71601,0.93147,0.91551,0.96485,0.7131,0.77729,0.61629,0.60893,0.38694,1.01745,3.46451,0.20847,0.43626,0.02478,0,0.0298218,0.0099406,0.0298218,0.0099406,0.0298218,0.0099406,0.0298218,0.0099406
5,2480.94,1.0932,4.75299,0.39882,0.6381,0.02007,4.89386,0.91592,0.8839,0.93733,0.67274,0.8139,0.61029,0.62941,0.3497,1.09681,3.58615,0.25319,0.53924,0.0285,0,0.0297624,0.0099208,0.0297624,0.0099208,0.0297624,0.0099208,0.0297624,0.0099208
6,2966.89,1.056,4.37187,0.37374,0.5936,0.01916,4.32156,0.94716,0.91821,0.97276,0.73844,0.8298,0.68782,0.70451,0.4507,0.94742,2.97588,0.18172,0.39581,0.02354,0,0.029703,0.009901,0.029703,0.009901,0.029703,0.009901,0.029703,0.009901
7,3439.54,1.01536,4.05914,0.35113,0.56071,0.01824,3.87611,0.95558,0.94575,0.98245,0.76774,0.79792,0.73187,0.72471,0.52146,0.88443,2.63979,0.16723,0.32732,0.02136,0,0.0296436,0.0098812,0.0296436,0.0098812,0.0296436,0.0098812,0.0296436,0.0098812
8,3919.23,0.98265,3.84692,0.33606,0.53836,0.01751,3.55192,0.94072,0.91612,0.96222,0.71003,0.79577,0.67746,0.65938,0.44334,1.03121,3.07805,0.15195,0.41793,0.02597,0,0.0295842,0.0098614,0.0295842,0.0098614,0.0295842,0.0098614,0.0295842,0.0098614
9,4392.5,0.96004,3.6696,0.32423,0.51729,0.01704,3.30807,0.96014,0.9455,0.98335,0.75469,0.84032,0.74181,0.75407,0.56017,0.93131,2.45723,0.14485,0.35002,0.02368,0,0.0295248,0.0098416,0.0295248,0.0098416,0.0295248,0.0098416,0.0295248,0.0098416
10,4901.74,0.93504,3.4719,0.31488,0.50451,0.01654,3.0402,0.94028,0.94686,0.9804,0.79542,0.83892,0.71645,0.71497,0.52888,0.78761,2.64539,0.13958,0.33458,0.01812,0,0.0294654,0.0098218,0.0294654,0.0098218,0.0294654,0.0098218,0.0294654,0.0098218
11,5375.85,0.92009,3.37119,0.3029,0.48838,0.01622,2.85763,0.95498,0.95964,0.98575,0.80144,0.83129,0.78348,0.77972,0.60221,0.77247,2.2346,0.14983,0.29914,0.01833,0,0.029406,0.009802,0.029406,0.009802,0.029406,0.009802,0.029406,0.009802
12,5826.65,0.8999,3.23313,0.29755,0.46334,0.01569,2.62077,0.95824,0.9563,0.98603,0.81697,0.78606,0.72372,0.65687,0.50199,0.73021,2.65084,0.13351,0.29687,0.01653,0,0.0293466,0.0097822,0.0293466,0.0097822,0.0293466,0.0097822,0.0293466,0.0097822
13,6291.8,0.88938,3.14776,0.29113,0.45618,0.01555,2.51946,0.9586,0.95769,0.98533,0.80634,0.85125,0.81114,0.80509,0.60848,0.75158,2.02563,0.13087,0.29462,0.01752,0,0.0292872,0.0097624,0.0292872,0.0097624,0.0292872,0.0097624,0.0292872,0.0097624
14,6766.05,0.87904,3.06842,0.28523,0.46075,0.01534,2.3367,0.96134,0.96024,0.98801,0.8252,0.83733,0.80324,0.79334,0.63119,0.71557,2.06596,0.11915,0.28276,0.01652,0,0.0292278,0.0097426,0.0292278,0.0097426,0.0292278,0.0097426,0.0292278,0.0097426
15,7251.04,0.87428,3.03052,0.27861,0.45185,0.0153,2.29918,0.95917,0.96202,0.98794,0.82364,0.86688,0.80578,0.81438,0.65211,0.71508,1.9663,0.11411,0.28362,0.01627,0,0.0291684,0.0097228,0.0291684,0.0097228,0.0291684,0.0097228,0.0291684,0.0097228
16,7720.55,0.86002,2.97282,0.27598,0.43885,0.01491,2.17978,0.95213,0.96623,0.98626,0.82693,0.86149,0.81407,0.81586,0.65262,0.70304,1.90406,0.10776,0.27813,0.01621,0,0.029109,0.009703,0.029109,0.009703,0.029109,0.009703,0.029109,0.009703
17,8181.12,0.84657,2.87359,0.27046,0.43425,0.01458,2.03642,0.96255,0.96292,0.9876,0.83741,0.85205,0.82272,0.80909,0.63859,0.6754,1.91017,0.10117,0.26897,0.01523,0,0.0290496,0.0096832,0.0290496,0.0096832,0.0290496,0.0096832,0.0290496,0.0096832
18,8664.61,0.84096,2.81468,0.26495,0.42643,0.0145,1.9044,0.96518,0.96797,0.98801,0.83671,0.85502,0.81726,0.80881,0.65803,0.67817,1.89552,0.106,0.26021,0.01517,0,0.0289902,0.0096634,0.0289902,0.0096634,0.0289902,0.0096634,0.0289902,0.0096634
19,9138.77,0.8403,2.80474,0.26222,0.42559,0.0145,1.83466,0.95941,0.9609,0.98736,0.84234,0.85516,0.81649,0.80793,0.65465,0.65798,1.85017,0.1022,0.26504,0.01487,0,0.0289308,0.0096436,0.0289308,0.0096436,0.0289308,0.0096436,0.0289308,0.0096436
20,9640.33,0.82401,2.73634,0.25611,0.41607,0.01421,1.78131,0.95866,0.96624,0.98814,0.84293,0.84716,0.79183,0.78885,0.64153,0.65666,1.9849,0.09993,0.25756,0.01477,0,0.0288714,0.0096238,0.0288714,0.0096238,0.0288714,0.0096238,0.0288714,0.0096238
21,10093,0.82783,2.72615,0.25591,0.41239,0.01414,1.70682,0.9659,0.96744,0.98875,0.85211,0.88019,0.83267,0.84113,0.69056,0.63743,1.7233,0.10054,0.24321,0.01415,0,0.028812,0.009604,0.028812,0.009604,0.028812,0.009604,0.028812,0.009604
22,10562.1,0.81336,2.66269,0.25315,0.4034,0.01392,1.64343,0.96757,0.96964,0.98964,0.85782,0.86661,0.82133,0.82447,0.69084,0.62439,1.79225,0.10073,0.2402,0.01381,0,0.0287526,0.0095842,0.0287526,0.0095842,0.0287526,0.0095842,0.0287526,0.0095842
23,11015.1,0.8038,2.60273,0.24775,0.40996,0.01371,1.54947,0.96733,0.96967,0.98946,0.85823,0.87391,0.83752,0.83979,0.69947,0.61966,1.70168,0.09394,0.24054,0.01373,0,0.0286932,0.0095644,0.0286932,0.0095644,0.0286932,0.0095644,0.0286932,0.0095644
24,11487.3,0.8044,2.56969,0.24695,0.40186,0.01373,1.48825,0.96891,0.97196,0.99054,0.86433,0.88413,0.84018,0.83685,0.69459,0.60577,1.66461,0.09053,0.22994,0.0133,0,0.0286338,0.0095446,0.0286338,0.0095446,0.0286338,0.0095446,0.0286338,0.0095446
25,11997.4,0.80459,2.56632,0.24467,0.40662,0.01374,1.46229,0.97128,0.97286,0.99002,0.86494,0.87952,0.84784,0.84658,0.70713,0.596,1.64883,0.09297,0.2286,0.01311,0,0.0285744,0.0095248,0.0285744,0.0095248,0.0285744,0.0095248,0.0285744,0.0095248
26,12471.5,0.80012,2.54843,0.24258,0.40288,0.01376,1.47509,0.96658,0.97316,0.98973,0.8698,0.87861,0.85345,0.85159,0.70892,0.58407,1.60908,0.08486,0.22571,0.01282,0,0.028515,0.009505,0.028515,0.009505,0.028515,0.009505,0.028515,0.009505
27,12934.7,0.78942,2.4779,0.242,0.38985,0.01339,1.33134,0.96595,0.97133,0.98925,0.86721,0.88403,0.85561,0.85951,0.7159,0.58931,1.5689,0.08325,0.22692,0.01297,0,0.0284556,0.0094852,0.0284556,0.0094852,0.0284556,0.0094852,0.0284556,0.0094852
28,13363.1,0.78705,2.47418,0.23815,0.39517,0.0135,1.33343,0.96821,0.97046,0.98971,0.86761,0.89093,0.85115,0.86258,0.72202,0.58619,1.54215,0.08915,0.22367,0.01293,0,0.0283962,0.0094654,0.0283962,0.0094654,0.0283962,0.0094654,0.0283962,0.0094654
29,13827.9,0.78532,2.43813,0.23669,0.38839,0.01342,1.25345,0.96802,0.976,0.99082,0.87272,0.88168,0.85469,0.8527,0.72043,0.57389,1.55498,0.08624,0.21454,0.01252,0,0.0283368,0.0094456,0.0283368,0.0094456,0.0283368,0.0094456,0.0283368,0.0094456
30,14303.5,0.78746,2.48829,0.23321,0.39153,0.01346,1.33022,0.96973,0.97567,0.99045,0.87429,0.90333,0.86619,0.87572,0.73148,0.57032,1.46372,0.08091,0.21638,0.01251,0,0.0282774,0.0094258,0.0282774,0.0094258,0.0282774,0.0094258,0.0282774,0.0094258
31,14765.9,0.77545,2.3659,0.23235,0.37742,0.01314,1.10849,0.97409,0.97579,0.99082,0.87461,0.8678,0.84325,0.83656,0.71577,0.56924,1.64282,0.08054,0.21518,0.01245,0,0.028218,0.009406,0.028218,0.009406,0.028218,0.009406,0.028218,0.009406
32,15296.4,0.7778,2.41248,0.23128,0.38364,0.01327,1.17958,0.9708,0.97865,0.99123,0.87626,0.89593,0.87327,0.87591,0.73548,0.56206,1.46305,0.07708,0.20783,0.01225,0,0.0281586,0.0093862,0.0281586,0.0093862,0.0281586,0.0093862,0.0281586,0.0093862
33,15815.6,0.76709,2.34444,0.23013,0.37328,0.01305,1.09271,0.96993,0.97818,0.99076,0.87809,0.8926,0.87142,0.87292,0.73381,0.55945,1.45198,0.07829,0.21269,0.01219,0,0.0280992,0.0093664,0.0280992,0.0093664,0.0280992,0.0093664,0.0280992,0.0093664
34,16295.2,0.76893,2.34505,0.22793,0.37578,0.01311,1.06429,0.97124,0.9777,0.99103,0.87807,0.88043,0.85864,0.85481,0.73046,0.55921,1.53129,0.0745,0.21064,0.0122,0,0.0280398,0.0093466,0.0280398,0.0093466,0.0280398,0.0093466,0.0280398,0.0093466
35,16778.3,0.77125,2.34697,0.22499,0.37417,0.01301,1.0353,0.96927,0.97685,0.99043,0.88109,0.88665,0.86228,0.86232,0.73383,0.54925,1.50186,0.07719,0.21447,0.01195,0,0.0279804,0.0093268,0.0279804,0.0093268,0.0279804,0.0093268,0.0279804,0.0093268
36,17265.1,0.75679,2.29573,0.22569,0.37328,0.01296,1.02729,0.97105,0.97476,0.99075,0.88079,0.90685,0.86823,0.87768,0.74394,0.5478,1.4034,0.07335,0.21045,0.01193,0,0.027921,0.009307,0.027921,0.009307,0.027921,0.009307,0.027921,0.009307
37,17737.6,0.75836,2.2954,0.22274,0.35908,0.01281,0.95556,0.97103,0.97834,0.99122,0.88251,0.89435,0.85336,0.86492,0.74112,0.54579,1.47417,0.07217,0.20909,0.01186,0,0.0278616,0.0092872,0.0278616,0.0092872,0.0278616,0.0092872,0.0278616,0.0092872
38,18205.9,0.76227,2.30888,0.22387,0.36948,0.01286,0.98068,0.97375,0.97843,0.9915,0.88375,0.88945,0.87154,0.86473,0.74157,0.54147,1.43892,0.0735,0.20449,0.01177,0,0.0278022,0.0092674,0.0278022,0.0092674,0.0278022,0.0092674,0.0278022,0.0092674
39,18663.3,0.74921,2.24793,0.22116,0.36695,0.01277,0.91993,0.9704,0.97757,0.99112,0.88388,0.8969,0.87362,0.87641,0.74941,0.54007,1.40373,0.07318,0.20971,0.01176,0,0.0277428,0.0092476,0.0277428,0.0092476,0.0277428,0.0092476,0.0277428,0.0092476
40,19132.1,0.75217,2.24649,0.22175,0.36757,0.01277,0.90488,0.97761,0.97386,0.99138,0.88353,0.90061,0.88221,0.87798,0.75188,0.54168,1.37924,0.07203,0.20138,0.01182,0,0.0276834,0.0092278,0.0276834,0.0092278,0.0276834,0.0092278,0.0276834,0.0092278
41,19599.9,0.74077,2.18736,0.21852,0.36845,0.01249,0.80424,0.97737,0.97451,0.99129,0.88483,0.90714,0.88339,0.88876,0.75672,0.53601,1.35221,0.07084,0.20132,0.01165,0,0.027624,0.009208,0.027624,0.009208,0.027624,0.009208,0.027624,0.009208
42,20072.6,0.74999,2.2037,0.21723,0.35766,0.01267,0.80193,0.9751,0.97826,0.99136,0.88773,0.91347,0.88276,0.88985,0.75892,0.53101,1.33633,0.06973,0.19757,0.01152,0,0.0275646,0.0091882,0.0275646,0.0091882,0.0275646,0.0091882,0.0275646,0.0091882
43,20540.4,0.74199,2.17461,0.21663,0.35512,0.01253,0.79199,0.97472,0.97783,0.99111,0.88608,0.91498,0.88323,0.89,0.7587,0.5309,1.3282,0.0697,0.1994,0.01151,0,0.0275052,0.0091684,0.0275052,0.0091684,0.0275052,0.0091684,0.0275052,0.0091684
44,21000.8,0.7421,2.16995,0.21426,0.3575,0.01243,0.71863,0.97627,0.97523,0.99127,0.88593,0.91168,0.8862,0.89025,0.76111,0.52928,1.31093,0.06864,0.20224,0.01145,0,0.0274458,0.0091486,0.0274458,0.0091486,0.0274458,0.0091486,0.0274458,0.0091486
45,21465.3,0.73261,2.12203,0.21496,0.35279,0.0123,0.66655,0.97213,0.97776,0.99081,0.88625,0.91027,0.88557,0.88869,0.76,0.5305,1.3087,0.06811,0.20317,0.01148,0,0.0273864,0.0091288,0.0273864,0.0091288,0.0273864,0.0091288,0.0273864,0.0091288
46,21940.4,0.73962,2.17371,0.21541,0.35652,0.01244,0.72561,0.97452,0.97475,0.99091,0.88719,0.9101,0.89017,0.88913,0.76268,0.52719,1.29016,0.06781,0.19938,0.01141,0,0.027327,0.009109,0.027327,0.009109,0.027327,0.009109,0.027327,0.009109
47,22464.1,0.73615,2.1657,0.21372,0.35284,0.01245,0.74733,0.97312,0.97885,0.99102,0.88785,0.91125,0.88951,0.88991,0.76292,0.52338,1.29635,0.06725,0.19806,0.0113,0,0.0272676,0.0090892,0.0272676,0.0090892,0.0272676,0.0090892,0.0272676,0.0090892
48,22938.3,0.7392,2.17499,0.21187,0.35603,0.01245,0.73119,0.9761,0.97841,0.99112,0.88843,0.91069,0.89181,0.89755,0.76477,0.52031,1.29306,0.0667,0.19678,0.01122,0,0.0272082,0.0090694,0.0272082,0.0090694,0.0272082,0.0090694,0.0272082,0.0090694
49,23411.3,0.73825,2.13131,0.21259,0.35908,0.01247,0.6878,0.97065,0.98305,0.99102,0.8887,0.91274,0.89041,0.89866,0.7651,0.51977,1.28692,0.06596,0.19705,0.01122,0,0.0271488,0.0090496,0.0271488,0.0090496,0.0271488,0.0090496,0.0271488,0.0090496
50,23882.6,0.72945,2.11322,0.21226,0.34816,0.01234,0.67109,0.9736,0.98063,0.9913,0.88946,0.91942,0.88811,0.8993,0.76637,0.51717,1.28555,0.06565,0.19465,0.01117,0,0.0270894,0.0090298,0.0270894,0.0090298,0.0270894,0.0090298,0.0270894,0.0090298
51,24353.9,0.73325,2.10598,0.20945,0.35005,0.01236,0.6472,0.97562,0.97894,0.9915,0.89004,0.91531,0.88887,0.89886,0.76718,0.51612,1.28128,0.06584,0.19268,0.01114,0,0.02703,0.00901,0.02703,0.00901,0.02703,0.00901,0.02703,0.00901
52,24860.8,0.72696,2.08011,0.20884,0.34415,0.01215,0.56646,0.97261,0.98394,0.99146,0.89073,0.91838,0.89051,0.89986,0.76819,0.51644,1.27726,0.06553,0.19344,0.01116,0,0.0269706,0.0089902,0.0269706,0.0089902,0.0269706,0.0089902,0.0269706,0.0089902
53,25380.2,0.72123,2.06685,0.20718,0.34152,0.01205,0.51675,0.97447,0.98025,0.99161,0.89136,0.9198,0.8876,0.90018,0.77013,0.51325,1.2692,0.06497,0.19366,0.01108,0,0.0269112,0.0089704,0.0269112,0.0089704,0.0269112,0.0089704,0.0269112,0.0089704
54,25846.6,0.73027,2.11416,0.20828,0.34954,0.0123,0.62894,0.97208,0.98068,0.9914,0.89175,0.91662,0.88823,0.89923,0.76952,0.51289,1.26641,0.06459,0.19435,0.01108,0,0.0268518,0.0089506,0.0268518,0.0089506,0.0268518,0.0089506,0.0268518,0.0089506
55,26318.4,0.7288,2.07772,0.20636,0.3465,0.0123,0.53568,0.97618,0.97645,0.99141,0.8917,0.91653,0.88824,0.89095,0.76852,0.51289,1.26532,0.06413,0.19361,0.01109,0,0.0267924,0.0089308,0.0267924,0.0089308,0.0267924,0.0089308,0.0267924,0.0089308
56,26792.3,0.72336,2.04615,0.20447,0.3378,0.01214,0.53904,0.9725,0.97999,0.99152,0.89158,0.91632,0.89026,0.89901,0.77101,0.51243,1.25492,0.06377,0.19292,0.01108,0,0.026733,0.008911,0.026733,0.008911,0.026733,0.008911,0.026733,0.008911
57,27263.6,0.72328,2.07792,0.20593,0.34564,0.01214,0.54132,0.9741,0.9805,0.99182,0.89217,0.92164,0.88977,0.90121,0.7742,0.5123,1.249,0.0636,0.18944,0.01107,0,0.0266736,0.0088912,0.0266736,0.0088912,0.0266736,0.0088912,0.0266736,0.0088912
58,27806.7,0.72002,2.04321,0.20441,0.33722,0.01212,0.53493,0.97324,0.98088,0.99181,0.89157,0.92164,0.89035,0.90117,0.77501,0.51122,1.24224,0.06338,0.19024,0.01105,0,0.0266142,0.0088714,0.0266142,0.0088714,0.0266142,0.0088714,0.0266142,0.0088714
59,28276.4,0.72534,2.024,0.20302,0.34135,0.01223,0.48594,0.97622,0.97849,0.99181,0.89156,0.92233,0.89133,0.90167,0.77547,0.51051,1.24087,0.06294,0.18901,0.01103,0,0.0265548,0.0088516,0.0265548,0.0088516,0.0265548,0.0088516,0.0265548,0.0088516
60,28738.8,0.72709,2.04974,0.20264,0.34188,0.01222,0.51493,0.97734,0.97825,0.99181,0.8921,0.91044,0.90298,0.9018,0.77539,0.51067,1.23578,0.06245,0.18792,0.01103,0,0.0264954,0.0088318,0.0264954,0.0088318,0.0264954,0.0088318,0.0264954,0.0088318
61,29196.9,0.7163,2.02531,0.20187,0.34712,0.01193,0.45814,0.97662,0.97964,0.99193,0.89207,0.92331,0.89117,0.90149,0.77553,0.51021,1.23199,0.06209,0.18735,0.01101,0,0.026436,0.008812,0.026436,0.008812,0.026436,0.008812,0.026436,0.008812
62,29667.8,0.71448,2.03295,0.20318,0.33183,0.01204,0.49529,0.97884,0.97846,0.9919,0.89144,0.91898,0.89639,0.9015,0.77554,0.5107,1.22987,0.06173,0.18699,0.01102,0,0.0263766,0.0087922,0.0263766,0.0087922,0.0263766,0.0087922,0.0263766,0.0087922
63,30209,0.72156,2.00263,0.20068,0.34268,0.01214,0.44537,0.97787,0.97872,0.99181,0.89129,0.91255,0.90315,0.9016,0.77555,0.51049,1.22922,0.06132,0.18773,0.01102,0,0.0263172,0.0087724,0.0263172,0.0087724,0.0263172,0.0087724,0.0263172,0.0087724
64,30674.3,0.71781,2.01718,0.19974,0.33468,0.01205,0.4449,0.97725,0.98003,0.99209,0.89174,0.92114,0.89614,0.90164,0.77595,0.51032,1.22691,0.06105,0.18724,0.01101,0,0.0262578,0.0087526,0.0262578,0.0087526,0.0262578,0.0087526,0.0262578,0.0087526
65,31142.2,0.71781,1.99256,0.19876,0.33744,0.01197,0.40325,0.9772,0.97999,0.99198,0.89176,0.91775,0.89723,0.90181,0.77607,0.50938,1.22469,0.06081,0.18865,0.01099,0,0.0261984,0.0087328,0.0261984,0.0087328,0.0261984,0.0087328,0.0261984,0.0087328
66,31613.4,0.71857,2.01934,0.20034,0.34433,0.01203,0.49326,0.97564,0.98127,0.9918,0.89147,0.92229,0.8927,0.90171,0.77608,0.50932,1.22064,0.06048,0.18936,0.01099,0,0.026139,0.008713,0.026139,0.008713,0.026139,0.008713,0.026139,0.008713
67,32075.4,0.72039,2.00837,0.19998,0.34554,0.01211,0.47592,0.9768,0.98101,0.99183,0.89199,0.92144,0.89388,0.90164,0.77619,0.5093,1.21966,0.06023,0.18972,0.011,0,0.0260796,0.0086932,0.0260796,0.0086932,0.0260796,0.0086932,0.0260796,0.0086932
68,32567.3,0.7155,1.97656,0.19702,0.33969,0.01195,0.40368,0.9769,0.97885,0.99182,0.89237,0.9146,0.89939,0.9019,0.77644,0.50887,1.21819,0.06003,0.19027,0.01098,0,0.0260202,0.0086734,0.0260202,0.0086734,0.0260202,0.0086734,0.0260202,0.0086734
69,33085.1,0.71751,1.98828,0.19699,0.33719,0.01199,0.38456,0.97711,0.98025,0.99189,0.89244,0.92229,0.89539,0.90202,0.77673,0.50874,1.215,0.05987,0.18926,0.01098,0,0.0259608,0.0086536,0.0259608,0.0086536,0.0259608,0.0086536,0.0259608,0.0086536
70,33556.1,0.72011,1.98441,0.19804,0.34511,0.01207,0.43401,0.97575,0.97926,0.99178,0.89228,0.92183,0.89419,0.90179,0.7764,0.5087,1.21314,0.05972,0.19101,0.01098,0,0.0259014,0.0086338,0.0259014,0.0086338,0.0259014,0.0086338,0.0259014,0.0086338
71,34016.2,0.71643,2.01793,0.19786,0.33955,0.01196,0.42919,0.97625,0.9797,0.99176,0.89202,0.92281,0.89308,0.9019,0.77651,0.50893,1.21167,0.05949,0.19046,0.01099,0,0.025842,0.008614,0.025842,0.008614,0.025842,0.008614,0.025842,0.008614
72,34468.3,0.7091,1.9679,0.19648,0.33302,0.01193,0.38824,0.97574,0.98088,0.9918,0.89212,0.91873,0.89757,0.90191,0.77702,0.50822,1.20922,0.05925,0.1909,0.01097,0,0.0257826,0.0085942,0.0257826,0.0085942,0.0257826,0.0085942,0.0257826,0.0085942
73,34919.3,0.71521,1.9622,0.19448,0.33239,0.01207,0.40974,0.97639,0.98127,0.99186,0.89224,0.92131,0.89601,0.9019,0.77755,0.50775,1.20819,0.05918,0.18976,0.01096,0,0.0257232,0.0085744,0.0257232,0.0085744,0.0257232,0.0085744,0.0257232,0.0085744
74,35459.9,0.71605,1.96015,0.1947,0.33319,0.01203,0.37897,0.97593,0.9805,0.9917,0.89212,0.91477,0.90269,0.90173,0.77726,0.5075,1.2061,0.05902,0.19057,0.01095,0,0.0256638,0.0085546,0.0256638,0.0085546,0.0256638,0.0085546,0.0256638,0.0085546
75,35921.2,0.71026,1.96033,0.19254,0.33288,0.01185,0.391,0.97501,0.98037,0.99159,0.89216,0.9214,0.89537,0.90189,0.77841,0.50721,1.20405,0.05886,0.19147,0.01093,0,0.0256044,0.0085348,0.0256044,0.0085348,0.0256044,0.0085348,0.0256044,0.0085348
76,36392.7,0.7051,1.93698,0.1913,0.33214,0.01174,0.33834,0.9748,0.98025,0.99159,0.89228,0.91554,0.90204,0.90213,0.77924,0.50711,1.20331,0.05865,0.19234,0.01092,0,0.025545,0.008515,0.025545,0.008515,0.025545,0.008515,0.025545,0.008515
77,36851.1,0.71145,1.95254,0.19189,0.33376,0.01191,0.34586,0.97321,0.98155,0.99156,0.89229,0.91432,0.90213,0.90234,0.77951,0.5068,1.20038,0.05845,0.19185,0.01092,0,0.0254856,0.0084952,0.0254856,0.0084952,0.0254856,0.0084952,0.0254856,0.0084952
78,37314.4,0.70906,1.92257,0.19112,0.3296,0.01191,0.38383,0.97517,0.98139,0.99173,0.8925,0.91529,0.9048,0.90262,0.77991,0.50674,1.19707,0.05843,0.19065,0.01091,0,0.0254262,0.0084754,0.0254262,0.0084754,0.0254262,0.0084754,0.0254262,0.0084754
79,37798,0.7073,1.9277,0.18919,0.3216,0.01184,0.33267,0.97608,0.98063,0.9918,0.89272,0.92343,0.89443,0.9028,0.781,0.5061,1.19522,0.0584,0.19005,0.01089,0,0.0253668,0.0084556,0.0253668,0.0084556,0.0253668,0.0084556,0.0253668,0.0084556
80,38320.9,0.70891,1.9598,0.1891,0.32612,0.01194,0.35416,0.97719,0.98114,0.99182,0.89282,0.91559,0.90442,0.90274,0.78098,0.50594,1.19404,0.05834,0.18825,0.01089,0,0.0253074,0.0084358,0.0253074,0.0084358,0.0253074,0.0084358,0.0253074,0.0084358
81,38788.8,0.70295,1.93355,0.18775,0.3302,0.01182,0.32761,0.97576,0.98088,0.99177,0.89273,0.92303,0.8955,0.90276,0.78092,0.50601,1.19414,0.0581,0.18781,0.01089,0,0.025248,0.008416,0.025248,0.008416,0.025248,0.008416,0.025248,0.008416
82,39255.2,0.70384,1.90955,0.18861,0.32417,0.01181,0.3276,0.97555,0.98143,0.99176,0.89266,0.91388,0.90474,0.90274,0.78268,0.50546,1.19329,0.05794,0.18841,0.01087,0,0.0251886,0.0083962,0.0251886,0.0083962,0.0251886,0.0083962,0.0251886,0.0083962
83,39707.1,0.70636,1.9178,0.18518,0.32701,0.01178,0.29272,0.97665,0.98068,0.99194,0.89291,0.92262,0.89729,0.90286,0.783,0.50489,1.19184,0.05779,0.18827,0.01086,0,0.0251292,0.0083764,0.0251292,0.0083764,0.0251292,0.0083764,0.0251292,0.0083764
84,40164.5,0.70881,1.93074,0.18658,0.33162,0.01191,0.33055,0.97554,0.98079,0.99189,0.89285,0.91621,0.90328,0.90284,0.78297,0.50394,1.19078,0.05769,0.18933,0.01083,0,0.0250698,0.0083566,0.0250698,0.0083566,0.0250698,0.0083566,0.0250698,0.0083566
85,40693,0.70484,1.94335,0.18795,0.32861,0.01175,0.35532,0.97442,0.98203,0.99188,0.89299,0.91577,0.90617,0.90283,0.783,0.50347,1.19045,0.05759,0.18805,0.01082,0,0.0250104,0.0083368,0.0250104,0.0083368,0.0250104,0.0083368,0.0250104,0.0083368
86,41159.4,0.69918,1.90984,0.18566,0.32621,0.01169,0.3091,0.97372,0.98228,0.99186,0.89299,0.91659,0.90462,0.90305,0.78316,0.50331,1.18897,0.05735,0.18754,0.01082,0,0.024951,0.008317,0.024951,0.008317,0.024951,0.008317,0.024951,0.008317
87,41628.6,0.70497,1.89427,0.18643,0.32434,0.01181,0.31163,0.97469,0.98153,0.99184,0.89291,0.92294,0.89614,0.90301,0.78316,0.5037,1.18708,0.05721,0.18828,0.01082,0,0.0248916,0.0082972,0.0248916,0.0082972,0.0248916,0.0082972,0.0248916,0.0082972
88,42094.3,0.69964,1.90217,0.18444,0.33141,0.01171,0.2999,0.97617,0.98145,0.99197,0.89367,0.92271,0.89729,0.90338,0.7841,0.50357,1.18501,0.05707,0.18782,0.01082,0,0.0248322,0.0082774,0.0248322,0.0082774,0.0248322,0.0082774,0.0248322,0.0082774
89,42564.5,0.69858,1.88697,0.18683,0.31893,0.0117,0.33785,0.97521,0.98127,0.99189,0.89311,0.9222,0.9003,0.90327,0.78411,0.50366,1.18306,0.05687,0.18878,0.01082,0,0.0247728,0.0082576,0.0247728,0.0082576,0.0247728,0.0082576,0.0247728,0.0082576
90,43084.9,0.70237,1.8974,0.18317,0.32629,0.01171,0.29332,0.97597,0.98063,0.99192,0.89377,0.91636,0.90442,0.90297,0.78415,0.50309,1.18152,0.05678,0.1887,0.01081,0,0.0247134,0.0082378,0.0247134,0.0082378,0.0247134,0.0082378,0.0247134,0.0082378
91,43546.5,0.70426,1.88137,0.18242,0.31914,0.01182,0.28789,0.97638,0.98139,0.99178,0.89375,0.92413,0.89871,0.90308,0.7843,0.50271,1.17959,0.05657,0.18803,0.0108,0,0.024654,0.008218,0.024654,0.008218,0.024654,0.008218,0.024654,0.008218
92,44009.2,0.69512,1.89255,0.18319,0.32468,0.01158,0.26176,0.97634,0.98101,0.99165,0.89375,0.92493,0.89818,0.90292,0.78491,0.50246,1.17872,0.05631,0.18856,0.01079,0,0.0245946,0.0081982,0.0245946,0.0081982,0.0245946,0.0081982,0.0245946,0.0081982
93,44469.7,0.70016,1.86916,0.18172,0.32338,0.01161,0.27861,0.97628,0.98114,0.99169,0.89372,0.91688,0.90493,0.9027,0.78363,0.50235,1.17765,0.05616,0.18942,0.01079,0,0.0245352,0.0081784,0.0245352,0.0081784,0.0245352,0.0081784,0.0245352,0.0081784
94,44922.3,0.69747,1.87697,0.18125,0.32279,0.01158,0.27502,0.97648,0.98076,0.99165,0.89501,0.91693,0.90589,0.90309,0.78407,0.50212,1.17566,0.05595,0.18927,0.01078,0,0.0244758,0.0081586,0.0244758,0.0081586,0.0244758,0.0081586,0.0244758,0.0081586
95,45384.1,0.69946,1.87045,0.17904,0.32134,0.0116,0.24926,0.97494,0.98167,0.99168,0.89356,0.92551,0.8969,0.90365,0.78407,0.5016,1.17271,0.05572,0.19011,0.01077,0,0.0244164,0.0081388,0.0244164,0.0081388,0.0244164,0.0081388,0.0244164,0.0081388
96,45849.3,0.70066,1.87853,0.179,0.32085,0.0117,0.28507,0.97592,0.98123,0.99166,0.89529,0.9232,0.89805,0.90339,0.78493,0.5016,1.17141,0.05543,0.1899,0.01077,0,0.024357,0.008119,0.024357,0.008119,0.024357,0.008119,0.024357,0.008119
97,46315,0.69842,1.88507,0.17839,0.31298,0.01165,0.28136,0.9763,0.98025,0.99177,0.89457,0.92472,0.89881,0.90306,0.78471,0.50176,1.17194,0.05521,0.18904,0.01077,0,0.0242976,0.0080992,0.0242976,0.0080992,0.0242976,0.0080992,0.0242976,0.0080992
98,46772.8,0.69825,1.84904,0.17804,0.31927,0.0116,0.24401,0.97762,0.97923,0.99192,0.89458,0.92313,0.89989,0.90318,0.78455,0.50103,1.17052,0.05504,0.18904,0.01075,0,0.0242382,0.0080794,0.0242382,0.0080794,0.0242382,0.0080794,0.0242382,0.0080794
99,47223.3,0.69452,1.87266,0.17907,0.31754,0.01148,0.25562,0.97388,0.98216,0.9917,0.89447,0.92427,0.89843,0.9028,0.7846,0.50007,1.16879,0.05483,0.18924,0.01073,0,0.0241788,0.0080596,0.0241788,0.0080596,0.0241788,0.0080596,0.0241788,0.0080596
100,47685.2,0.69346,1.84509,0.17808,0.31665,0.01158,0.26022,0.9769,0.98065,0.9918,0.89458,0.91908,0.90391,0.90282,0.78484,0.50029,1.16721,0.05465,0.18814,0.01074,0,0.0241194,0.0080398,0.0241194,0.0080398,0.0241194,0.0080398,0.0241194,0.0080398
101,48217.7,0.70998,1.90413,0.18393,0.3405,0.01193,0.35383,0.97734,0.97936,0.99185,0.89376,0.92471,0.89869,0.90311,0.78524,0.49982,1.16476,0.05472,0.18896,0.01073,0,0.02406,0.00802,0.02406,0.00802,0.02406,0.00802,0.02406,0.00802
